PCNM7,PCNM4,PCNM5,PCNM8,PCNM16,PCNM10,TEMPMIN,TEMPSD,PRECDRIEST,PREC,data_parcelas_qeco,ELEV,cwm_afe,cwm_cfms,cwm_dm,cwm_n,cwm_p
0.123417465,0.033598171,-0.060511407,0.155634444,-0.086625126,-0.033134008,0.221431927,0.166030508,-0.254414923,0.071617362,-0.122871541,-0.464684719,0.084157739,-0.623499113,-2.162800636,0.97245365,0.782400457
0.088007126,0.029884005,-0.058424649,0.142424162,-0.01525989,-0.023733464,-0.031159583,-0.078396167,0.203676219,1.082592345,0.265270969,-0.098084239,-0.79794774,0.776414493,0.648001736,-0.2962086,-0.855971991
0.088067425,0.029345837,-0.058847505,0.142533033,-0.013013061,-0.023661863,0.053037587,0.003079391,0.020439762,0.678202352,-0.607443963,-0.256301289,-0.015499174,-0.593179785,-0.75443687,0.902418143,1.041051953
0.087994056,0.029328982,-0.058910886,0.142522953,-0.012927333,-0.023540974,0.053037587,0.003079391,0.020439762,0.364800107,-0.025957057,-0.128955859,0.154361239,-0.782884591,-0.094072124,1.330152622,1.436217683
-0.075530553,-0.060009491,-0.124810003,0.006059162,0.072596963,0.063157573,0.642417778,-0.257642396,-1.873003627,-1.084264036,0.8656562,-0.823567294,-1.808580219,0.84740231,2.139545566,-1.033400759,-1.443295631
-0.07545406,-0.05998685,-0.124825951,0.006172011,0.072703895,0.06312398,0.642417778,-0.159871726,-1.842464218,-1.084264036,0.8656562,-0.808131484,-2.081756008,-0.055686702,1.732760887,-1.812687907,-1.33085613
-0.076331617,-0.060742254,-0.125011349,0.004530185,0.071888057,0.062974733,0.558220608,-0.502069071,-1.811924808,-1.202211118,0.768741716,-0.823567294,-1.894882899,1.206968027,0.80433467,-0.909455613,-1.199608971
-0.009912774,-0.02909931,-0.116486281,-0.015330348,-0.02286747,0.040023545,0.642417778,-0.143576614,-1.68976717,-1.438105281,0.8656562,-0.746388245,-0.331521536,0.770085907,1.671743185,-0.729410821,-1.025573469
-0.009217774,-0.028780261,-0.116414777,-0.014695224,-0.022655396,0.039782898,0.642417778,0.214915843,-1.628688351,-1.333637866,1.059485169,-0.746388245,-0.912584374,0.974716412,-0.61303077,-0.611523654,-0.406842153
-0.009377874,-0.028706677,-0.116325452,-0.014857894,-0.022993291,0.039997109,0.642417778,-0.143576614,-1.68976717,-1.26960945,1.253314138,-0.746388245,-0.414639448,1.001639019,-0.136124157,0.620775673,-0.023578708
-0.008499298,-0.028290205,-0.116208861,-0.014058229,-0.022754452,0.039700403,0.642417778,0.214915843,-1.628688351,-1.26960945,0.671827231,-0.746388245,-1.051021799,0.861684235,0.046453483,0.352435724,0.552234223
-0.161027459,-0.12040185,-0.100732081,-0.170952196,-0.057028108,0.065618445,0.053037587,-0.355413066,-1.231676027,-0.369841715,0.284169294,-0.206134907,-0.966545974,0.65965932,1.637046844,-1.720796692,-1.159702746
-0.161167767,-0.120475407,-0.100998973,-0.17096657,-0.056791766,0.065955718,0.137234757,-0.502069071,-1.231676027,-0.379951464,-0.006089587,-0.345057194,-0.224397432,-0.541441089,0.527472949,-1.220496962,-0.93553812
-0.160713171,-0.120248935,-0.100226055,-0.170861876,-0.057412058,0.064980038,0.053037587,-0.355413066,-1.231676027,-0.369841715,0.574912747,-0.5148511,-0.668331831,0.289375029,1.474663021,-1.57461521,-1.340733306
-0.167047733,-0.126850128,-0.100192383,-0.191169545,-0.075090746,-0.070208879,0.642417778,-0.029510832,-2.086779494,-2.068279687,0.788124612,-0.719375579,-0.850817851,1.219088283,1.074509322,-0.263672228,-0.694936247
-0.061874443,-0.164788276,-0.113474585,0.204028706,0.092014083,-0.005921777,0.726614948,-0.127281502,0.356373267,0.364800107,0.100031773,-0.823567294,-0.076067401,0.251160319,-0.911339529,1.127643179,0.49141753
-0.021370273,-0.147443598,-0.115665879,0.156140346,-0.139439708,0.007688533,0.726614948,-0.127281502,0.356373267,0.206414026,0.196946258,-0.823567294,0.51872133,-0.264944312,-1.352022927,1.41226121,0.909139692
-0.061688556,-0.164793457,-0.113547167,0.203685691,0.091571122,-0.00593904,0.726614948,-0.127281502,0.356373267,0.364800107,-0.142254438,-0.823567294,-0.647369603,-0.094139271,-0.089634477,0.377072817,0.410385713
-0.061518268,-0.164799939,-0.113623764,0.203382346,0.091207305,-0.005961162,0.726614948,0.214915843,0.386912676,0.385019607,-0.258551819,-0.823567294,-0.336205769,0.233974773,-0.76993343,0.53872772,0.262141455
0.017855368,-0.126086841,-0.114239662,0.092451516,-0.13492125,0.038116562,0.726614948,-0.371708178,0.234215629,0.132275861,1.253314138,-0.823567294,0.240543216,-0.243152444,-0.688421525,0.626543253,0.366666221
0.017706968,-0.125997441,-0.114090211,0.092616652,-0.134975842,0.038158308,0.726614948,0.100850061,0.081518581,-0.076658969,0.8656562,-0.823567294,-0.219136242,-0.00845757,-1.118606005,0.872709818,0.664159779
0.017446016,-0.126194376,-0.11412595,0.092933919,-0.134546347,0.038069349,0.642417778,0.28009629,0.264755038,-0.076658969,0.8656562,-0.823567294,0.751268474,-1.086890816,-0.857643952,1.037426385,1.424979445
-0.007631778,0.080553138,-0.051099998,0.013829427,0.157088673,0.026130342,0.474023438,1.143737209,0.845003819,0.492856938,0.545838401,-0.209993859,-0.766266346,0.92336837,1.426858808,-0.04326778,-1.068539177
-0.00796082,0.080837946,-0.051367143,0.013398285,0.157787105,0.026003038,0.474023438,0.654883859,0.875543228,0.492856938,0.545838401,-0.248583384,-0.299113175,1.359813722,-0.372349829,0.439112594,-0.149299165
-0.000384447,0.079729191,-0.045676297,0.02159385,-0.013447055,0.054109524,0.305629098,0.817834976,0.936622047,0.543405687,0.085979173,-0.190699097,-0.533319901,0.897256595,0.216563448,0.509939722,-0.784019845
-0.000817128,0.080024379,-0.045921794,0.021200947,-0.01346621,0.054056544,0.305629098,0.817834976,0.936622047,0.748970601,0.933496339,-0.128955859,0.179066957,-0.324947652,-0.760435528,0.566055474,0.290509685
-0.016459625,-0.173325106,0.151556242,-0.100293959,0.043616795,0.011539871,-2.136088833,-2.32712158,0.203676219,1.271307676,-1.73116741,1.858404636,-0.333251224,-0.938582378,0.109590793,-2.318052642,-1.016840599
-0.016386071,-0.17330442,0.151484992,-0.100469992,0.043827597,0.011515105,-2.136088833,-2.32712158,0.203676219,1.271307676,-1.73116741,2.105377591,1.81665347,-1.605880989,-0.576226438,1.328552808,1.163093227
0.010655295,-0.094678195,0.106150743,0.025164783,-0.039706539,0.090883037,-4.325215254,-1.805678006,-2.880804141,-3.844225742,-1.852310515,3.664394367,0.976928945,-1.005389007,1.054786416,0.450233503,0.944735062
0.036097275,-0.080175192,0.088522915,0.000476482,-0.057946027,0.066218663,-3.904229404,-1.805678006,-1.72030658,-2.189596685,-1.610024304,3.456010937,1.171754331,-1.069284671,0.94243636,0.546107495,0.997978559
0.036259139,-0.080036459,0.088442389,0.000652274,-0.057785649,0.066261231,-3.904229404,-1.805678006,-1.72030658,-2.189596685,-1.876539136,3.351819222,1.676881748,-2.373922777,0.439185606,0.895246516,1.936799017
-0.021691217,0.024586501,0.015716771,0.038269036,-0.045558987,-0.00663213,-0.283751093,-0.208757061,0.875543228,0.701791768,-1.391966714,0.561796624,-0.836284552,0.644331849,1.59876123,-1.468815796,-1.319327662
0.096917499,0.006287975,-0.004358223,-0.041644246,0.086453871,0.07288452,-0.031159583,0.850425199,0.814464409,0.56025527,-0.641364033,0.179760335,0.034278018,0.271310927,-0.401662261,1.364449903,0.733626178
-0.022089072,0.024889126,0.0153413,0.038219023,-0.045656858,-0.006785414,-0.283751093,0.866720311,0.906082638,0.759080351,-0.762022566,0.530925005,0.612667448,0.037440407,-0.362993782,0.538326565,0.782755181
-0.114865005,0.055078896,0.023974599,0.071311398,-0.023992016,-0.044714677,-0.536342603,-0.241347284,0.936622047,0.846698183,-1.610024304,0.770180054,1.023977759,1.115186589,-0.363376631,0.956792497,0.312393748
-0.10945828,0.009436255,0.037544193,0.063391142,0.037928316,-0.054627297,-1.041525623,-1.626431778,1.150397914,1.584709921,-1.004308777,1.090473105,1.751611614,-1.676404833,0.13002925,0.450586724,1.563675765
-0.09468304,0.003900175,0.045388591,0.085293579,-0.070872257,-0.05453118,-1.041525623,-1.626431778,1.150397914,1.547640838,-1.610024304,1.33744606,1.568370932,-3.178841114,-0.219805574,-0.59455254,1.843518204
-0.110002744,0.009307226,0.037732017,0.063606863,0.037128317,-0.054625762,-1.041525623,-1.626431778,1.150397914,1.547640838,-1.852310515,1.028729866,0.548946023,-1.702562767,-0.737531533,-0.803376286,0.685859632
-0.087052574,-0.010982297,0.059369703,0.061614569,-0.202135031,-0.044399277,-1.041525623,-1.626431778,1.150397914,1.547640838,-1.585795683,1.271843869,0.686360247,-2.680991021,-2.003149609,0.166226985,1.48829733
0.012055299,-0.169022679,0.132917416,-0.146783755,-0.1147331,0.035831834,-2.388680344,-1.773087783,0.050979172,1.719506585,-1.828081894,2.186415592,-0.958736783,-1.032463799,0.423301641,-2.593891903,-2.210989094
0.018042997,-0.163671124,0.121773161,-0.161463964,-0.031183435,0.039087697,-2.304483173,-2.783384707,0.020439762,1.274677592,-1.828081894,2.225005116,1.34871427,-2.558274583,-0.039012385,0.598806654,1.384442596
-0.016061554,-0.173147023,0.151242228,-0.100530238,0.046409885,0.011298122,-0.367948263,-0.730200635,0.539609724,0.661352769,-0.665108081,0.488476528,-0.331174923,0.052286453,0.564179441,-1.666758288,0.230162727
-0.01598064,-0.173065784,0.15108802,-0.100697923,0.046492135,0.011236144,-0.283751093,-0.371708178,0.478530905,0.661352769,-0.907394292,0.515489195,0.272570302,-0.694445663,-1.277445741,-0.02566418,0.742050826
0.084333199,0.091624798,-0.105811782,-0.07963904,-0.089189988,-0.028568988,0.474023438,1.469639443,0.906082638,0.327731024,0.788609185,-0.5148511,0.100117879,0.828220357,-0.018350311,0.667400712,0.201120818
0.066957912,0.099533098,-0.093221027,-0.055823132,0.056936245,-0.064268263,0.810812118,1.094851874,0.814464409,0.142385611,0.545838401,-0.669209197,-0.846678299,0.774102586,-0.510366062,0.411190081,-0.436006424
0.066628685,0.104220758,-0.126609265,-0.088400896,0.148224689,-0.092563235,0.810812118,1.094851874,0.814464409,0.142385611,0.546322974,-0.696221864,-0.85356303,-0.21938962,0.146300637,0.1247413,-0.727828652
0.042995453,0.104631287,-0.04721918,0.011334648,0.098931216,-0.050074789,0.642417778,0.752654529,0.845003819,0.273812358,0.424695296,-0.476261576,-0.481189237,0.501627949,0.689912892,0.016655988,-0.527047909
0.049744786,-0.057177373,0.063934079,0.016184648,0.054749512,0.029088989,0.221431927,0.67117897,0.631227952,0.452417939,0.061265979,-0.05177681,1.636009086,-1.786622467,-1.163546031,1.04962572,1.382767521
0.052390172,-0.069776994,0.075134928,-0.015092541,0.036271103,0.039917283,0.053037587,0.18232562,0.722846181,0.674832435,-0.059877126,0.067850715,0.485723727,-0.143493142,-0.656174597,0.31324035,0.562513098
0.04800896,-0.043984908,0.051609051,0.044920629,0.119904346,0.019180052,0.305629098,0.345276737,0.692306771,0.428828523,-1.028537398,-0.155968526,-1.926775416,1.265525197,2.312429055,-2.267490631,-2.938301251
0.097923318,-0.031186779,0.032777342,-0.018038852,0.156752112,0.051826737,0.305629098,0.345276737,0.692306771,0.428828523,0.30355219,-0.206134907,0.192146733,-0.327691975,0.431049913,0.297465867,0.767176968
0.024069264,0.026045777,-0.035767174,-0.066613449,0.118753352,0.04315523,0.389826268,1.225212768,1.028240276,0.681572269,0.424695296,-0.159827478,-0.343653005,0.675960194,0.214098089,0.669430578,-0.29063373
-0.044638297,0.035950719,-0.04304004,-0.056903299,0.095558821,0.000185893,0.389826268,1.225212768,1.028240276,0.681572269,0.424695296,-0.101943192,1.252176783,-0.303057169,-0.639106709,1.76463634,1.309708421
0.054391416,0.048752182,-0.00560127,0.063776261,0.021481527,-0.073625664,0.726614948,0.752654529,-0.223875514,-0.598996044,1.253314138,-0.796554627,-0.360699095,0.693383899,0.525252686,0.425949631,0.558365483
0.05567452,0.057443621,-0.003358609,0.066614302,0.032597643,-0.07444171,0.726614948,0.5734083,-0.223875514,-0.602365961,1.059485169,-0.796554627,-0.939476956,1.358882063,0.214098089,0.894451771,0.113897205
0.087141938,0.102054594,0.028245354,-0.048886793,-0.120424048,-0.065676894,0.726614948,0.5734083,-0.223875514,-0.602365961,1.059485169,-0.703939769,0.655415414,0.421361989,1.654417168,0.080382758,0.075091272
0.091233244,0.113309298,0.038494524,-0.07896188,-0.04174047,-0.068269814,0.305629098,0.166030508,0.264755038,-0.602365961,1.059485169,-0.437672052,-0.99441182,1.239993136,0.956740878,0.070301271,-0.502273181
-0.007551924,0.034511482,-0.050237595,-0.082101249,0.053794097,0.029208399,0.474023438,1.33927855,1.058779685,0.597324353,-0.059877126,-0.360493004,0.289059315,0.765536789,-0.344233832,0.353955089,-0.405918398
-0.007544213,0.034596515,-0.050593758,-0.082426966,0.054087329,0.029149981,0.558220608,1.33927855,1.058779685,0.556885354,0.30355219,-0.360493004,-0.542529921,0.783790335,0.314825721,-0.751550146,-1.267861294
-0.044573277,0.036342238,-0.044650947,-0.05839412,0.096845158,-3.98E-05,0.558220608,1.33927855,1.058779685,0.556885354,0.667466079,-0.437672052,-0.750161297,0.196560017,-0.228369466,-0.053407052,-0.794479055
-0.006162937,0.046640318,-0.056096469,-0.098830965,-0.022128992,0.020549164,0.474023438,1.062261651,1.028240276,0.546775604,0.788124612,-0.360493004,0.257812031,-0.34729018,-1.258671066,0.83188089,0.23121697
-0.047980148,0.036944831,0.052268864,0.100365336,0.018090475,-0.017559464,-0.536342603,-0.078396167,0.845003819,0.637763353,-1.51310982,0.924538151,1.606915999,-0.982938034,-0.924899013,-0.216469194,0.570834093
-0.114456524,0.054415068,0.024720691,0.071644044,-0.025052476,-0.044576549,-0.704736943,-0.290232619,0.845003819,0.651243019,-1.852310515,1.0017172,-0.93360896,0.904736076,-1.033374933,-1.185111889,-0.947502946
-0.1144745,0.054312961,0.024846626,0.071868749,-0.025492974,-0.044603202,-0.704736943,-0.290232619,0.845003819,0.651243019,-1.610024304,1.171511106,0.858564292,-1.0113093,-0.382519446,-0.140802852,0.334379127
-0.082251658,0.045723306,0.038654755,0.085962906,0.040879676,-0.030544897,-0.620539773,0.068259838,0.783925,0.651243019,-1.416195335,1.059601486,0.804677451,-0.678650178,-0.728286424,-1.707195451,-0.375434469
-0.047917096,0.037034624,0.052147142,0.100147027,0.018570643,-0.017521333,-0.536342603,-0.078396167,0.845003819,0.637763353,-1.537338441,0.74702634,1.577272869,-1.786886811,-1.804497189,1.004385726,1.334918602
0.047258773,-0.015588075,0.064966994,0.04191089,-0.303099483,0.105422999,-0.115356753,1.013376316,0.783925,0.506336605,-0.205248853,0.349554241,0.070138788,0.777914054,-0.420486011,0.836832763,0.581243501
0.041787027,0.046757343,-0.04837587,-0.046800372,-0.129321905,-0.006130073,0.474023438,1.062261651,1.028240276,0.691682018,0.037037358,-0.202275955,-0.275503467,0.6824379,0.086847494,0.270057355,-0.708114289
0.042305997,0.048576083,-0.055528704,-0.096523238,0.032510627,0.029482287,0.474023438,1.062261651,1.028240276,0.587214603,0.400466675,-0.237006526,0.455810984,0.508071264,0.593763784,0.590610847,-0.144588013
-0.076213646,0.036599956,-0.035663179,-0.028942826,-0.057543274,-0.026765268,0.474023438,1.062261651,1.028240276,0.587214603,0.400466675,-0.283313955,0.007740436,-0.499515632,-0.429009126,-0.132453302,-0.67111535
-0.076782025,0.036842024,-0.035301518,-0.027848667,-0.058367889,-0.026913809,0.389826268,1.029671427,1.028240276,0.654612936,-1.149680503,-0.260160241,-1.264562538,0.464268055,1.144891419,-1.006514025,-1.136817453
-0.075800987,0.035679574,-0.033298633,-0.02743963,-0.059059269,-0.02631488,0.221431927,1.078556763,1.058779685,1.092702095,-0.205248853,0.15660662,-0.685344576,1.234332315,0.497152423,-0.073373712,-0.130454557
-0.077043748,0.036519389,-0.033636017,-0.026016339,-0.059943936,-0.02680454,-0.031159583,-0.013215721,1.119858504,1.092702095,-1.052766019,0.349554241,-0.218896264,0.139682618,1.400258621,-1.264783837,-1.355763788
-0.029056571,0.027914611,-0.02489136,-0.02524101,0.120743264,-0.000515803,0.221431927,1.078556763,1.058779685,0.863547766,-0.205248853,0.083286524,0.449438247,0.641019316,0.291580873,0.052135671,-0.554458252
-0.001650384,0.105945537,0.019252621,0.007611457,0.002800256,0.0176035,0.558220608,0.328981625,-1.170597208,-0.794451208,1.127325308,-0.78497777,-1.255187039,0.597209692,1.209752016,-1.791672582,-1.103643992
0.007187906,0.110523003,0.019626065,0.019410444,0.020031274,-0.002264651,0.558220608,0.328981625,-1.170597208,-0.794451208,0.642752886,-0.746388245,0.409930915,-0.055940093,0.015225566,0.835905562,0.756288975
0.017350916,0.114269153,0.019334612,0.031885964,0.031543872,-0.023043447,0.642417778,0.198620731,-1.017900161,-0.794451208,0.52160978,-0.78497777,-0.712948874,1.311297028,0.734782479,0.634040348,0.216914394
0.016954968,0.11424833,0.019328833,0.031687072,0.031645444,-0.022654038,0.642417778,0.068259838,-1.07897898,-0.794451208,1.00569763,-0.78497777,-0.45414678,1.581308968,0.539525833,-0.552532765,-0.785977732
-0.063858371,0.130446456,0.115969589,0.042529078,-0.115469889,-0.043339078,0.558220608,-0.713905523,-0.987360751,-0.197975967,0.982438154,-0.746388245,-0.592602762,0.120716807,0.515212263,-0.537610094,-0.729908057
-0.064079855,0.130467877,0.116070785,0.042482876,-0.115138738,-0.04338344,0.558220608,-0.713905523,-0.987360751,-0.238414967,0.496896587,-0.746388245,-0.073695024,0.536955108,0.587737351,0.198269925,0.170012259
-0.151933586,0.115436765,0.136273313,-0.050703886,0.07724446,0.003841431,0.558220608,-0.567249518,-1.07897898,0.327731024,0.618524265,-0.823567294,-1.612060278,-0.001606683,2.003950678,-1.843425613,-1.826918021
-0.152248526,0.115381788,0.136341164,-0.050482593,0.078215164,0.003850144,0.474023438,-0.567249518,-0.987360751,0.327731024,0.73966737,-0.823567294,0.09931902,-0.73821499,1.095464884,0.130900573,1.072459629
-0.08247487,0.125301808,0.116239463,-0.118674456,0.118359727,0.05046189,0.558220608,-0.844266417,-0.743045475,-0.009260637,1.224239792,-0.746388245,-0.390237859,0.475430787,-0.433367531,-0.317012706,-0.448457328
-0.082554882,0.124863664,0.116048398,-0.118445368,0.119696228,0.050480395,0.558220608,-0.844266417,-0.743045475,-0.009260637,0.73966737,-0.746388245,-0.884370036,0.666078521,0.632049398,-1.181305128,-0.773942518
-0.082851536,0.124729585,0.116063533,-0.118296588,0.119873469,0.050507324,0.558220608,-0.844266417,-0.743045475,0.068247445,0.860810476,-0.746388245,-1.226522754,1.066336891,1.018234762,-0.5077029,-0.425003984
-0.050380163,0.072184508,0.071103654,-0.027966083,-0.190398756,0.038925283,0.558220608,-0.127281502,-0.559809018,-0.140687385,0.860810476,-0.823567294,-1.756218478,0.471398866,-0.138448639,-0.738351701,-1.534377904
-0.072464067,0.095993994,0.085298038,-0.064753306,-0.109012062,0.081159098,0.558220608,-0.713905523,-0.590348428,-0.140687385,0.497381159,-0.823567294,-0.138017984,0.82063077,-0.13003241,0.107092482,-0.150273884
0.125731903,0.138492675,0.033120001,-0.042510178,-0.057926989,-0.027500354,0.642417778,0.198620731,-0.926281932,-0.868589373,0.73966737,-0.78497777,-0.662862508,1.108736673,-0.74722295,0.846068247,-0.028108838
0.126078858,0.138143364,0.032590465,-0.041353121,-0.057335274,-0.027683565,0.642417778,0.198620731,-0.926281932,-0.828150374,0.860810476,-0.750247198,0.164135741,0.117424838,-0.952017997,-0.978927618,-0.234099904
0.126337755,0.138212049,0.032660457,-0.041632367,-0.057365445,-0.027789483,0.642417778,0.08455495,-0.865203113,-0.828150374,0.860810476,-0.746388245,-0.01201323,0.637762588,-0.32335076,0.749266319,0.315820037
0.2112876,0.074960722,-0.108995237,-0.188863879,0.16166485,0.099484772,0.810812118,0.557113189,0.050979172,-0.44397988,0.788124612,-0.862156818,-0.812908238,1.044839913,-0.188812454,0.901661244,0.111384586
0.204116035,0.063906849,-0.123390188,-0.175626014,-0.099689304,0.077606617,0.895009288,0.736359417,-0.010099647,-0.44397988,0.981469009,-0.823567294,-0.081769949,1.120812931,0.211739909,0.146752277,-0.189036709
-0.13808751,-0.038356199,0.019753967,0.10810236,0.072900007,0.04145296,0.558220608,-0.192461949,-0.284954333,-0.096878469,-0.592422218,-0.823567294,-0.262961392,-0.375229769,-0.419499867,-0.259337252,-0.516769035
-0.137602566,-0.038687379,0.019302651,0.108687178,0.072472089,0.041506546,0.558220608,-0.062101056,-0.254414923,-0.096878469,0.981953581,-0.839003104,-0.85386805,1.222178221,0.524029273,-0.351575834,-0.88648231
-0.137602966,-0.039253471,0.018879023,0.109643644,0.072565904,0.041566115,0.558220608,0.003079391,-0.193336104,-0.03621997,0.73966737,-0.823567294,-1.573714925,1.061998948,2.302259438,-1.274262661,-1.955811881
-0.115895352,-0.058733556,-0.001627653,0.094404761,0.202048028,0.064674755,0.558220608,-0.176166837,-0.162796695,-0.03621997,0.860810476,-0.842862056,0.003383014,0.760602304,-0.258546966,1.045472231,0.373414385
-0.076694349,0.086016741,0.022571941,-0.017619294,0.002387193,0.083184451,0.474023438,-0.453183736,-1.353833665,-0.110358135,0.497865732,-0.746388245,0.247689398,0.771186186,2.484344006,-0.323759761,-0.663936458
-0.076768389,0.085820449,0.02241027,-0.017605228,0.002546666,0.08325705,0.474023438,-0.453183736,-1.353833665,-0.110358135,1.345382898,-0.750247198,-2.120463028,0.185619542,1.834457057,-2.118972671,-1.906558926
-0.085629741,0.091351672,0.029159398,-0.023542957,-0.104609026,0.093572633,0.558220608,-0.860561528,-1.414912484,-0.069919136,1.103096687,-0.746388245,-1.821954169,1.219452712,1.313459752,-1.830514648,-1.960555981
-0.068379205,0.064569817,-0.013069636,0.102525996,-0.121125932,0.012544486,-0.873131283,-1.023512645,1.272555552,1.567860338,-1.440423957,0.87437177,1.342552252,-1.738297101,-0.478668554,0.917788371,1.789125811
-0.059045909,0.060340894,-0.00301414,0.105512935,-0.144152794,0.017034414,-0.620539773,-1.414595326,1.272555552,1.567860338,-0.108334368,0.920679199,1.926019867,-0.761939668,-0.214194745,-0.7432846,0.967406355
-0.004258402,0.079717223,-0.044668071,0.024320548,-0.018815514,0.053967256,-0.115356753,-0.045805944,1.089319095,1.180319927,0.134436415,0.334118431,0.386464718,0.354129588,0.515661126,-0.806381868,-0.736874064
-0.004305698,0.079558186,-0.044478751,0.024678916,-0.019151349,0.053966658,-0.115356753,-0.045805944,1.089319095,1.129771178,0.133951843,0.357272146,0.827401431,-1.421954799,-1.250326757,0.944918074,1.759659695
-0.038919146,0.074706629,-0.033523251,0.058573557,0.03616961,0.033243106,-0.367948263,-0.159871726,1.180937323,1.129771178,-0.714049896,0.480758623,-1.436853837,1.397105022,1.966219919,-1.123111913,-1.247612121
-0.074518454,0.069150243,-0.023967021,0.094643892,-0.055504821,0.006734927,-0.367948263,-0.159871726,1.180937323,1.365665341,-0.350620579,0.565655576,0.189045694,-0.087242783,0.858173826,-0.994656943,-1.493547916
-0.004449202,0.079976423,-0.044933676,0.023838824,-0.018567217,0.053925838,-0.115356753,-0.045805944,1.089319095,0.823108766,-0.350136007,0.334118431,-0.106389962,0.184271836,0.584192385,-1.16424149,-1.164136769
0.070099259,-0.068140335,0.121196099,-0.001163316,0.041803931,0.013943634,-1.125722793,-1.26793932,-0.010099647,-0.774231708,-1.319280851,1.264125964,0.420776061,-1.798794636,-1.060493917,-0.544301481,1.103867313
0.069565598,-0.067954425,0.121081517,-0.001291678,0.041471678,0.013806007,-1.125722793,-1.26793932,-0.010099647,-0.989906371,-1.198137745,1.43391987,0.314696936,-1.203028988,-1.521516548,-0.732611879,1.258811876
0.06769155,-0.067271221,0.120554762,-0.001923361,0.040492036,0.013352065,-1.715102983,-1.544956219,-0.162796695,-1.134812785,-1.682710168,1.80052035,1.478517162,-1.882779872,-1.024335266,-0.640553922,1.070365789
0.068153058,-0.067417429,0.120688171,-0.001841536,0.04080001,0.013512342,-1.715102983,-1.544956219,-0.162796695,-0.919138122,-1.319280851,1.723341302,0.315883122,-0.256381233,-1.04964632,-2.00358564,0.429230322
0.056103129,-0.062327304,0.119723076,0.017706589,-0.041814498,0.017321804,-1.967694493,-1.398300214,-0.346033152,-1.205581034,-1.803853273,1.970314256,2.127818421,-0.604568017,-1.146023,0.156042023,1.570633775
0.044044036,-0.057427471,0.118391599,0.037160788,-0.110888034,0.020505778,-2.051891663,-1.756792671,-0.43765138,-0.84163004,-2.046139484,1.985750066,1.348782051,-1.87428732,-1.402193048,0.66649243,0.734512982
0.069527509,-0.067785333,0.120939337,-0.001920339,0.042037516,0.014092753,-1.378314303,-0.958332198,0.050979172,-0.349622215,-1.440423957,1.183087963,1.412865272,-0.11465694,0.442672337,0.305318702,-0.037577553
0.069705085,-0.067820487,0.120936729,-0.001994704,0.042262194,0.014184245,-1.209919963,-1.561251331,0.234215629,-0.349622215,-1.198137745,1.426201965,0.781742306,-0.776429205,-0.138448639,-0.667588836,0.092056786
0.068432844,-0.095827189,-0.207031746,-0.167740961,0.045990102,0.026665854,0.895009288,2.202919469,0.509070314,0.098576695,0.439232469,-0.78497777,1.084131836,-0.69079796,-1.290291578,1.471039222,0.847977366
0.072331777,-0.084758167,-0.212386364,-0.164416796,0.027192366,0.005880591,0.895009288,1.958492794,0.509070314,0.223263609,0.439232469,-0.78497777,1.518223257,-0.527260781,-0.451030545,0.325560796,0.0703893
0.080264642,-0.085677858,-0.206731473,-0.157026826,-0.143375341,0.033951878,0.895009288,1.958492794,0.509070314,0.223263609,0.633061437,-0.78497777,3.11191305,-0.423481384,-1.674932478,1.569928198,-1.139179542
0.225740361,-0.128728083,0.145198256,0.024624048,-0.010079928,0.06084897,-0.031159583,1.306688326,0.631227952,0.243483109,-0.762022566,0.168183477,-0.378567537,0.241236955,-1.167790747,1.030474095,0.790882943
0.202697698,-0.119861426,0.157278853,0.077351787,-0.041479286,0.048240736,-0.199553923,1.013376316,0.631227952,0.233373359,0.30355219,0.256939383,0.738058338,-0.15584325,-0.138448639,1.381991664,0.356935551
0.188234437,-0.112648825,0.155700168,0.076541029,0.116402919,0.051685317,-0.199553923,1.013376316,0.631227952,0.233373359,0.788609185,0.233785668,-0.102988716,0.722051423,-0.729170741,0.691670872,-0.015338578
0.1964552,0.049570671,-0.028087241,0.021757309,-0.057764265,-0.017013733,0.726614948,1.502229666,0.600688543,-0.093508552,0.032191634,-0.669209197,2.155152892,-1.86585415,-1.480838081,1.850529929,1.110148846
0.209779302,0.048240857,-0.028317105,0.069843988,-0.124806884,-0.033610897,0.726614948,1.502229666,0.600688543,-0.093508552,0.32341966,-0.669209197,1.079667382,-0.079045045,-1.234830197,1.006870333,0.506224011
0.148262309,-0.011588863,-0.085330606,0.13739455,0.178691113,-0.071278606,0.726614948,0.231210955,-0.926281932,-1.465064613,1.582338812,-0.669209197,-0.380148742,-0.03711089,-0.795562345,0.487236692,1.18504409
0.148298629,-0.011547293,-0.0854177,0.137430676,0.178729861,-0.071198785,0.726614948,0.231210955,-0.926281932,-1.465064613,1.388994416,-0.707798721,-0.710290845,0.873732098,-0.55104453,0.946507564,0.272012442
-0.008134765,-0.079472776,0.014507304,-0.070277292,0.0105109,-0.490145839,0.642417778,1.355573661,-1.934082446,-2.735523176,1.195165447,-0.707798721,-0.594262253,0.670595733,-0.442783848,1.064100381,0.384980391
-0.036173369,-0.088716866,0.005842515,-0.10656663,-0.03183535,-0.508871074,0.642417778,1.355573661,-1.934082446,-2.735523176,1.4859089,-0.707798721,0.278281536,-0.19368387,-0.966045056,1.132450472,0.88163089
-0.008134532,-0.079472528,0.014507285,-0.070276516,0.010511588,-0.490140636,0.642417778,1.355573661,-1.934082446,-2.735523176,0.710593025,-0.707798721,-0.098774434,0.295870787,-0.521127567,1.262345087,1.172266262
